issue	api	interface	emitted_interface	guid_label	guid	source
missing_guid	Devices.Tapi	ITnef	ITnef	IID_ITnef	-	-
missing_guid	Graphics.Direct3D	ID3DInclude	ID3DInclude	IID_ID3DInclude	-	-
missing_guid	Graphics.Printing	IPrintAsyncCookie	IPrintAsyncCookie	IID_IPrintAsyncCookie	-	-
missing_guid	Graphics.Printing	IPrintAsyncNewChannelCookie	IPrintAsyncNewChannelCookie	IID_IPrintAsyncNewChannelCookie	-	-
missing_guid	Graphics.Printing	IAsyncGetSendNotificationCookie	IAsyncGetSendNotificationCookie	IID_IAsyncGetSendNotificationCookie	-	-
missing_guid	Graphics.Printing	IAsyncGetSrvReferralCookie	IAsyncGetSrvReferralCookie	IID_IAsyncGetSrvReferralCookie	-	-
missing_guid	Graphics.Printing	IPrintBidiAsyncNotifyRegistration	IPrintBidiAsyncNotifyRegistration	IID_IPrintBidiAsyncNotifyRegistration	-	-
missing_guid	Graphics.Printing	IPrintUnidiAsyncNotifyRegistration	IPrintUnidiAsyncNotifyRegistration	IID_IPrintUnidiAsyncNotifyRegistration	-	-
missing_guid	Graphics.Printing	IPrintAsyncNotifyServerReferral	IPrintAsyncNotifyServerReferral	IID_IPrintAsyncNotifyServerReferral	-	-
missing_guid	Media.Audio.XAudio2	IXAudio2Voice	IXAudio2Voice	IID_IXAudio2Voice	-	-
missing_guid	Media.Audio.XAudio2	IXAudio2SourceVoice	IXAudio2SourceVoice	IID_IXAudio2SourceVoice	-	-
missing_guid	Media.Audio.XAudio2	IXAudio2SubmixVoice	IXAudio2SubmixVoice	IID_IXAudio2SubmixVoice	-	-
missing_guid	Media.Audio.XAudio2	IXAudio2MasteringVoice	IXAudio2MasteringVoice	IID_IXAudio2MasteringVoice	-	-
missing_guid	Media.Audio.XAudio2	IXAudio2EngineCallback	IXAudio2EngineCallback	IID_IXAudio2EngineCallback	-	-
missing_guid	Media.Audio.XAudio2	IXAudio2VoiceCallback	IXAudio2VoiceCallback	IID_IXAudio2VoiceCallback	-	-
missing_guid	Media.DirectShow	IVPBaseConfig	IVPBaseConfig	IID_IVPBaseConfig	-	-
missing_guid	Media.DirectShow	IVPBaseNotify	IVPBaseNotify	IID_IVPBaseNotify	-	-
missing_guid	Media.MediaFoundation	MFASYNCRESULT	MFASYNCRESULT	IID_MFASYNCRESULT	-	-
missing_guid	Media.Speech	ISpNotifyCallback	ISpNotifyCallback	IID_ISpNotifyCallback	-	-
missing_guid	Storage.Vss	IVssWMFiledesc	IVssWMFiledesc	IID_IVssWMFiledesc	-	-
missing_guid	Storage.Vss	IVssWMDependency	IVssWMDependency	IID_IVssWMDependency	-	-
missing_guid	Storage.Vss	IVssWriterComponents	IVssWriterComponents	IID_IVssWriterComponents	-	-
missing_guid	Storage.Vss	IVssCreateWriterMetadata	IVssCreateWriterMetadata	IID_IVssCreateWriterMetadata	-	-
missing_guid	Storage.Vss	IVssWriterImpl	IVssWriterImpl	IID_IVssWriterImpl	-	-
missing_guid	System.AddressBook	IMAPIAdviseSink	IMAPIAdviseSink	IID_IMAPIAdviseSink	-	-
missing_guid	System.AddressBook	IMAPIProgress	IMAPIProgress	IID_IMAPIProgress	-	-
missing_guid	System.AddressBook	IMAPIProp	IMAPIProp	IID_IMAPIProp	-	-
missing_guid	System.AddressBook	IMAPITable	IMAPITable	IID_IMAPITable	-	-
missing_guid	System.AddressBook	IProfSect	IProfSect	IID_IProfSect	-	-
missing_guid	System.AddressBook	IMAPIStatus	IMAPIStatus	IID_IMAPIStatus	-	-
missing_guid	System.AddressBook	IMAPIContainer	IMAPIContainer	IID_IMAPIContainer	-	-
missing_guid	System.AddressBook	IABContainer	IABContainer	IID_IABContainer	-	-
missing_guid	System.AddressBook	IMailUser	IMailUser	IID_IMailUser	-	-
missing_guid	System.AddressBook	IDistList	IDistList	IID_IDistList	-	-
missing_guid	System.AddressBook	IMAPIFolder	IMAPIFolder	IID_IMAPIFolder	-	-
missing_guid	System.AddressBook	IMsgStore	IMsgStore	IID_IMsgStore	-	-
missing_guid	System.AddressBook	IMessage	IMessage	IID_IMessage	-	-
missing_guid	System.AddressBook	IAttach	IAttach	IID_IAttach	-	-
missing_guid	System.AddressBook	IMAPIControl	IMAPIControl	IID_IMAPIControl	-	-
missing_guid	System.AddressBook	IProviderAdmin	IProviderAdmin	IID_IProviderAdmin	-	-
missing_guid	System.AddressBook	ITableData	ITableData	IID_ITableData	-	-
missing_guid	System.AddressBook	IPropData	IPropData	IID_IPropData	-	-
missing_guid	System.AddressBook	IAddrBook	IAddrBook	IID_IAddrBook	-	-
missing_guid	System.AddressBook	IWABObject	IWABObject	IID_IWABObject	-	-
missing_guid	System.AddressBook	IWABOBJECT_	IWABOBJECT_	IID_IWABOBJECT_	-	-
missing_guid	System.Diagnostics.Debug	DebugBaseEventCallbacks	DebugBaseEventCallbacks	IID_DebugBaseEventCallbacks	-	-
missing_guid	System.Diagnostics.Debug	DebugBaseEventCallbacksWide	DebugBaseEventCallbacksWide	IID_DebugBaseEventCallbacksWide	-	-
missing_guid	System.Ole	IOleUILinkContainerW	IOleUILinkContainerW	IID_IOleUILinkContainerW	-	-
missing_guid	System.Ole	IOleUILinkContainerA	IOleUILinkContainerA	IID_IOleUILinkContainerA	-	-
missing_guid	System.Ole	IOleUIObjInfoW	IOleUIObjInfoW	IID_IOleUIObjInfoW	-	-
missing_guid	System.Ole	IOleUIObjInfoA	IOleUIObjInfoA	IID_IOleUIObjInfoA	-	-
missing_guid	System.Ole	IOleUILinkInfoW	IOleUILinkInfoW	IID_IOleUILinkInfoW	-	-
missing_guid	System.Ole	IOleUILinkInfoA	IOleUILinkInfoA	IID_IOleUILinkInfoA	-	-
missing_guid	System.Search	IUMS	IUMS	IID_IUMS	-	-
missing_guid	System.WinRT	IRoSimpleMetaDataBuilder	IRoSimpleMetaDataBuilder	IID_IRoSimpleMetaDataBuilder	-	-
missing_guid	System.WinRT	IRoMetaDataLocator	IRoMetaDataLocator	IID_IRoMetaDataLocator	-	-
resolved_from_export	UI.Accessibility	IRicheditWindowlessAccessibility	IRicheditWindowlessAccessibility	IID_IRicheditWindowlessAccessibility	983E572D-20CD-460B-9104-83111592DD10	C:\WINDOWS\SysWOW64\msftedit.dll;C:\WINDOWS\System32\msftedit.dll
missing_guid	UI.Accessibility	IRichEditUiaInformation	IRichEditUiaInformation	IID_IRichEditUiaInformation	-	-
resolved_from_export	UI.Controls.RichEdit	ITextServices	ITextServices	IID_ITextServices	8D33F740-CF58-11CE-A89D-00AA006CADC5	C:\WINDOWS\SysWOW64\msftedit.dll;C:\WINDOWS\SysWOW64\riched20.dll;C:\WINDOWS\System32\msftedit.dll;C:\WINDOWS\System32\riched20.dll
resolved_from_export	UI.Controls.RichEdit	ITextHost	ITextHost	IID_ITextHost	13E670F4-1A5A-11CF-ABEB-00AA00B65EA1	C:\WINDOWS\SysWOW64\msftedit.dll;C:\WINDOWS\SysWOW64\riched20.dll;C:\WINDOWS\System32\msftedit.dll;C:\WINDOWS\System32\riched20.dll
resolved_from_export	UI.Controls.RichEdit	IRicheditUiaOverrides	IRicheditUiaOverrides	IID_IRicheditUiaOverrides	F2FB5CC0-B5A9-437F-9BA2-47632082269F	C:\WINDOWS\SysWOW64\msftedit.dll;C:\WINDOWS\System32\msftedit.dll
resolved_from_export	UI.Controls.RichEdit	ITextHost2	ITextHost2	IID_ITextHost2	13E670F5-1A5A-11CF-ABEB-00AA00B65EA1	C:\WINDOWS\SysWOW64\msftedit.dll;C:\WINDOWS\SysWOW64\riched20.dll;C:\WINDOWS\System32\msftedit.dll;C:\WINDOWS\System32\riched20.dll
resolved_from_export	UI.Controls.RichEdit	ITextServices2	ITextServices2	IID_ITextServices2	8D33F741-CF58-11CE-A89D-00AA006CADC5	C:\WINDOWS\SysWOW64\msftedit.dll;C:\WINDOWS\System32\msftedit.dll
missing_guid	UI.Input.Ime	IFEClassFactory	IFEClassFactory	IID_IFEClassFactory	-	-
missing_guid	UI.Shell	CIE4ConnectionPoint	CIE4ConnectionPoint	IID_CIE4ConnectionPoint	-	-
